{"cameraMode":{"drawMode":0,"name":"Shaded","section":"Shading Mode"},"sceneLighting":false,"audioPlay":false,"sceneViewState":{"showFog":true,"showMaterialUpdate":false,"showSkybox":true,"showFlares":true,"showImageEffects":true,"showParticleSystems":true},"in2DMode":false,"pivot":{"x":481.501953125,"y":1716.20947265625,"z":-4.445068359375},"rotation":{"x":-0.012308483943343163,"y":0.008096993900835514,"z":-0.00009983806376112625,"w":-0.9998915195465088},"size":1113.17236328125,"orthographic":false}